Deck Name,Card Name
"1 Kinnan, Bonder Prodigy",Ancient Tomb
"1 Kinnan, Bonder Prodigy",Arcane Signet
"1 Kinnan, Bonder Prodigy",Archdruid's Charm
"1 Kinnan, Bonder Prodigy",Basalt Monolith
"1 Kinnan, Bonder Prodigy",Birds of Paradise
"1 Kinnan, Bonder Prodigy",Bloom Tender
"1 Kinnan, Bonder Prodigy","Boseiju, Who Endures"
"1 Kinnan, Bonder Prodigy",Breeding Pool
"1 Kinnan, Bonder Prodigy",Cephalid Coliseum
"1 Kinnan, Bonder Prodigy",Chord of Calling
"1 Kinnan, Bonder Prodigy",Chrome Mox
"1 Kinnan, Bonder Prodigy",City of Brass
"1 Kinnan, Bonder Prodigy",Clever Impersonator
"1 Kinnan, Bonder Prodigy",Colossal Skyturtle
"1 Kinnan, Bonder Prodigy",Command Tower
"1 Kinnan, Bonder Prodigy",Consecrated Sphinx
"1 Kinnan, Bonder Prodigy",Copy Artifact
"1 Kinnan, Bonder Prodigy",Crop Rotation
"1 Kinnan, Bonder Prodigy",Cyclonic Rift
"1 Kinnan, Bonder Prodigy",Delay
"1 Kinnan, Bonder Prodigy",Delighted Halfling
"1 Kinnan, Bonder Prodigy",Dispel
"1 Kinnan, Bonder Prodigy",Elvish Mystic
"1 Kinnan, Bonder Prodigy",Elvish Spirit Guide
"1 Kinnan, Bonder Prodigy",Emergence Zone
"1 Kinnan, Bonder Prodigy",Endurance
"1 Kinnan, Bonder Prodigy",Enduring Vitality
"1 Kinnan, Bonder Prodigy",Fabricate
"1 Kinnan, Bonder Prodigy",Fellwar Stone
"1 Kinnan, Bonder Prodigy",Fierce Guardianship
"1 Kinnan, Bonder Prodigy",Finale of Devastation
"1 Kinnan, Bonder Prodigy",Flooded Strand
"1 Kinnan, Bonder Prodigy",Flusterstorm
"1 Kinnan, Bonder Prodigy",Force of Negation
"1 Kinnan, Bonder Prodigy",Force of Vigor
"1 Kinnan, Bonder Prodigy",Force of Will
"1 Kinnan, Bonder Prodigy",Forest
"1 Kinnan, Bonder Prodigy",Fyndhorn Elves
"1 Kinnan, Bonder Prodigy",Gaea's Cradle
"1 Kinnan, Bonder Prodigy",Gemstone Caverns
"1 Kinnan, Bonder Prodigy",Glen Elendra Archmage
"1 Kinnan, Bonder Prodigy",Green Sun's Zenith
"1 Kinnan, Bonder Prodigy",Grim Monolith
"1 Kinnan, Bonder Prodigy",High Fae Trickster
"1 Kinnan, Bonder Prodigy",Hullbreaker Horror
"1 Kinnan, Bonder Prodigy",Hydroelectric Specimen
"1 Kinnan, Bonder Prodigy",Island
"1 Kinnan, Bonder Prodigy",Llanowar Elves
"1 Kinnan, Bonder Prodigy",Lotus Petal
"1 Kinnan, Bonder Prodigy",Mana Confluence
"1 Kinnan, Bonder Prodigy",Mana Drain
"1 Kinnan, Bonder Prodigy",Mana Vault
"1 Kinnan, Bonder Prodigy",Mental Misstep
"1 Kinnan, Bonder Prodigy","Minamo, School at Water's Edge"
"1 Kinnan, Bonder Prodigy",Mindbreak Trap
"1 Kinnan, Bonder Prodigy",Mirage Mirror
"1 Kinnan, Bonder Prodigy",Mirrormade
"1 Kinnan, Bonder Prodigy",Misty Rainforest
"1 Kinnan, Bonder Prodigy",Moonsilver Key
"1 Kinnan, Bonder Prodigy",Mox Amber
"1 Kinnan, Bonder Prodigy",Mox Diamond
"1 Kinnan, Bonder Prodigy",Mox Opal
"1 Kinnan, Bonder Prodigy",Mystic Remora
"1 Kinnan, Bonder Prodigy","Nezahal, Primal Tide"
"1 Kinnan, Bonder Prodigy",Nyxbloom Ancient
"1 Kinnan, Bonder Prodigy","Otawara, Soaring City"
"1 Kinnan, Bonder Prodigy",Pact of Negation
"1 Kinnan, Bonder Prodigy",Phyrexian Metamorph
"1 Kinnan, Bonder Prodigy",Polluted Delta
"1 Kinnan, Bonder Prodigy",Rejuvenating Springs
"1 Kinnan, Bonder Prodigy",Resculpt
"1 Kinnan, Bonder Prodigy",Rhystic Study
"1 Kinnan, Bonder Prodigy",Seedborn Muse
"1 Kinnan, Bonder Prodigy",Simic Signet
"1 Kinnan, Bonder Prodigy",Sink into Stupor
"1 Kinnan, Bonder Prodigy",Sol Ring
"1 Kinnan, Bonder Prodigy",Spellskite
"1 Kinnan, Bonder Prodigy",Springleaf Drum
"1 Kinnan, Bonder Prodigy",Swan Song
"1 Kinnan, Bonder Prodigy",Sylvan Library
"1 Kinnan, Bonder Prodigy",Talisman of Curiosity
"1 Kinnan, Bonder Prodigy",Talon Gates of Madara
"1 Kinnan, Bonder Prodigy",Tezzeret the Seeker
"1 Kinnan, Bonder Prodigy",The One Ring
"1 Kinnan, Bonder Prodigy","Thrasios, Triton Hero"
"1 Kinnan, Bonder Prodigy",Tidespout Tyrant
"1 Kinnan, Bonder Prodigy",Transmute Artifact
"1 Kinnan, Bonder Prodigy",Treasure Vault
"1 Kinnan, Bonder Prodigy",Trophy Mage
"1 Kinnan, Bonder Prodigy",Tropical Island
"1 Kinnan, Bonder Prodigy",Valley Floodcaller
"1 Kinnan, Bonder Prodigy",Void Winnower
"1 Kinnan, Bonder Prodigy",Wandering Archaic
"1 Kinnan, Bonder Prodigy",Waterlogged Grove
"1 Kinnan, Bonder Prodigy",Willowrush Verge
"1 Kinnan, Bonder Prodigy",Windswept Heath
"1 Kinnan, Bonder Prodigy",Wooded Foothills
"1 Kinnan, Bonder Prodigy",Worldly Tutor
"1 Kinnan, Bonder Prodigy",Yavimaya Coast
"1 Kinnan, Bonder Prodigy",Amphibian Downpour
"1 Kinnan, Bonder Prodigy",Ancient Tomb
"1 Kinnan, Bonder Prodigy",Arcane Signet
"1 Kinnan, Bonder Prodigy",Basalt Monolith
"1 Kinnan, Bonder Prodigy",Birds of Paradise
"1 Kinnan, Bonder Prodigy","Boseiju, Who Endures"
"1 Kinnan, Bonder Prodigy",Breeding Pool
"1 Kinnan, Bonder Prodigy",Chain of Vapor
"1 Kinnan, Bonder Prodigy",Chord of Calling
"1 Kinnan, Bonder Prodigy",Chrome Mox
"1 Kinnan, Bonder Prodigy",City of Brass
"1 Kinnan, Bonder Prodigy",Clever Impersonator
"1 Kinnan, Bonder Prodigy",Command Tower
"1 Kinnan, Bonder Prodigy",Commandeer
"1 Kinnan, Bonder Prodigy",Consecrated Sphinx
"1 Kinnan, Bonder Prodigy",Copy Artifact
"1 Kinnan, Bonder Prodigy",Copy Enchantment
"1 Kinnan, Bonder Prodigy",Crop Rotation
"1 Kinnan, Bonder Prodigy",Delighted Halfling
"1 Kinnan, Bonder Prodigy",Dispel
"1 Kinnan, Bonder Prodigy",Dramatic Reversal
"1 Kinnan, Bonder Prodigy",Drift of Phantasms
"1 Kinnan, Bonder Prodigy",Elvish Mystic
"1 Kinnan, Bonder Prodigy",Elvish Spirit Guide
"1 Kinnan, Bonder Prodigy",Emergence Zone
"1 Kinnan, Bonder Prodigy",Endurance
"1 Kinnan, Bonder Prodigy",Enduring Vitality
"1 Kinnan, Bonder Prodigy",Exotic Orchard
"1 Kinnan, Bonder Prodigy",Fabricate
"1 Kinnan, Bonder Prodigy",Faerie Mastermind
"1 Kinnan, Bonder Prodigy",Fellwar Stone
"1 Kinnan, Bonder Prodigy",Fierce Guardianship
"1 Kinnan, Bonder Prodigy",Finale of Devastation
"1 Kinnan, Bonder Prodigy",Flooded Strand
"1 Kinnan, Bonder Prodigy",Flusterstorm
"1 Kinnan, Bonder Prodigy",Force of Negation
"1 Kinnan, Bonder Prodigy",Force of Will
"1 Kinnan, Bonder Prodigy",Forest
"1 Kinnan, Bonder Prodigy",Fyndhorn Elves
"1 Kinnan, Bonder Prodigy",Gaea's Cradle
"1 Kinnan, Bonder Prodigy",Gemstone Caverns
"1 Kinnan, Bonder Prodigy",Green Sun's Zenith
"1 Kinnan, Bonder Prodigy",Grim Monolith
"1 Kinnan, Bonder Prodigy",High Fae Trickster
"1 Kinnan, Bonder Prodigy",Hullbreaker Horror
"1 Kinnan, Bonder Prodigy",Hydroelectric Specimen
"1 Kinnan, Bonder Prodigy",Imposter Mech
"1 Kinnan, Bonder Prodigy",Into the Flood Maw
"1 Kinnan, Bonder Prodigy",Invasion of Ikoria
"1 Kinnan, Bonder Prodigy",Island
"1 Kinnan, Bonder Prodigy",Llanowar Elves
"1 Kinnan, Bonder Prodigy",Lotus Petal
"1 Kinnan, Bonder Prodigy",Mana Confluence
"1 Kinnan, Bonder Prodigy",Mana Vault
"1 Kinnan, Bonder Prodigy",Mental Misstep
"1 Kinnan, Bonder Prodigy",Mindbreak Trap
"1 Kinnan, Bonder Prodigy",Mirage Mirror
"1 Kinnan, Bonder Prodigy",Mirrormade
"1 Kinnan, Bonder Prodigy",Misdirection
"1 Kinnan, Bonder Prodigy",Mistrise Village
"1 Kinnan, Bonder Prodigy",Misty Rainforest
"1 Kinnan, Bonder Prodigy",Moonsilver Key
"1 Kinnan, Bonder Prodigy",Mox Amber
"1 Kinnan, Bonder Prodigy",Mox Diamond
"1 Kinnan, Bonder Prodigy",Mox Opal
"1 Kinnan, Bonder Prodigy",Mystic Remora
"1 Kinnan, Bonder Prodigy",Nature's Rhythm
"1 Kinnan, Bonder Prodigy","Nezahal, Primal Tide"
"1 Kinnan, Bonder Prodigy",Nyxbloom Ancient
"1 Kinnan, Bonder Prodigy","Otawara, Soaring City"
"1 Kinnan, Bonder Prodigy",Pact of Negation
"1 Kinnan, Bonder Prodigy",Phyrexian Metamorph
"1 Kinnan, Bonder Prodigy",Polluted Delta
"1 Kinnan, Bonder Prodigy",Pongify
"1 Kinnan, Bonder Prodigy",Rejuvenating Springs
"1 Kinnan, Bonder Prodigy",Rhystic Study
"1 Kinnan, Bonder Prodigy",Scalding Tarn
"1 Kinnan, Bonder Prodigy",Seedborn Muse
"1 Kinnan, Bonder Prodigy",Simic Signet
"1 Kinnan, Bonder Prodigy",Sink into Stupor
"1 Kinnan, Bonder Prodigy",Sol Ring
"1 Kinnan, Bonder Prodigy",Spellskite
"1 Kinnan, Bonder Prodigy",Springleaf Drum
"1 Kinnan, Bonder Prodigy",Swan Song
"1 Kinnan, Bonder Prodigy",Talisman of Curiosity
"1 Kinnan, Bonder Prodigy",Tezzeret the Seeker
"1 Kinnan, Bonder Prodigy",The One Ring
"1 Kinnan, Bonder Prodigy","Thrasios, Triton Hero"
"1 Kinnan, Bonder Prodigy",Tidespout Tyrant
"1 Kinnan, Bonder Prodigy",Transmute Artifact
"1 Kinnan, Bonder Prodigy",Treasure Vault
"1 Kinnan, Bonder Prodigy",Tropical Island
"1 Kinnan, Bonder Prodigy",Valley Floodcaller
"1 Kinnan, Bonder Prodigy",Veil of Summer
"1 Kinnan, Bonder Prodigy",Verdant Catacombs
"1 Kinnan, Bonder Prodigy",Wandering Archaic
"1 Kinnan, Bonder Prodigy",Waterlogged Grove
"1 Kinnan, Bonder Prodigy",Willowrush Verge
"1 Kinnan, Bonder Prodigy",Yavimaya Coast
"1 Kinnan, Bonder Prodigy",Agatha's Soul Cauldron
"1 Kinnan, Bonder Prodigy",An Offer You Can't Refuse
"1 Kinnan, Bonder Prodigy",Ancient Tomb
"1 Kinnan, Bonder Prodigy",Arcane Signet
"1 Kinnan, Bonder Prodigy",Basalt Monolith
"1 Kinnan, Bonder Prodigy",Birds of Paradise
"1 Kinnan, Bonder Prodigy",Bloom Tender
"1 Kinnan, Bonder Prodigy",Borne Upon a Wind
"1 Kinnan, Bonder Prodigy","Boseiju, Who Endures"
"1 Kinnan, Bonder Prodigy",Breeding Pool
"1 Kinnan, Bonder Prodigy",Cephalid Coliseum
"1 Kinnan, Bonder Prodigy",Chrome Mox
"1 Kinnan, Bonder Prodigy",City of Brass
"1 Kinnan, Bonder Prodigy",Clever Impersonator
"1 Kinnan, Bonder Prodigy",Command Tower
"1 Kinnan, Bonder Prodigy",Consecrated Sphinx
"1 Kinnan, Bonder Prodigy",Copy Artifact
"1 Kinnan, Bonder Prodigy",Crop Rotation
"1 Kinnan, Bonder Prodigy",Delighted Halfling
"1 Kinnan, Bonder Prodigy",Dramatic Reversal
"1 Kinnan, Bonder Prodigy",Elvish Mystic
"1 Kinnan, Bonder Prodigy",Elvish Spirit Guide
"1 Kinnan, Bonder Prodigy",Emergence Zone
"1 Kinnan, Bonder Prodigy",Endurance
"1 Kinnan, Bonder Prodigy",Enduring Vitality
"1 Kinnan, Bonder Prodigy",Fabricate
"1 Kinnan, Bonder Prodigy",Faerie Mastermind
"1 Kinnan, Bonder Prodigy",Fellwar Stone
"1 Kinnan, Bonder Prodigy",Fierce Guardianship
"1 Kinnan, Bonder Prodigy",Finale of Devastation
"1 Kinnan, Bonder Prodigy",Flusterstorm
"1 Kinnan, Bonder Prodigy",Force of Negation
"1 Kinnan, Bonder Prodigy",Force of Vigor
"1 Kinnan, Bonder Prodigy",Force of Will
"1 Kinnan, Bonder Prodigy",Forest
"1 Kinnan, Bonder Prodigy",Freed from the Real
"1 Kinnan, Bonder Prodigy",Gaea's Cradle
"1 Kinnan, Bonder Prodigy",Gemstone Caverns
"1 Kinnan, Bonder Prodigy",Glen Elendra Archmage
"1 Kinnan, Bonder Prodigy",Green Sun's Zenith
"1 Kinnan, Bonder Prodigy",Grim Monolith
"1 Kinnan, Bonder Prodigy",High Fae Trickster
"1 Kinnan, Bonder Prodigy",Homeward Path
"1 Kinnan, Bonder Prodigy",Hullbreaker Horror
"1 Kinnan, Bonder Prodigy",Hydroelectric Specimen
"1 Kinnan, Bonder Prodigy",Into the Flood Maw
"1 Kinnan, Bonder Prodigy",Inventors' Fair
"1 Kinnan, Bonder Prodigy",Island
"1 Kinnan, Bonder Prodigy",Llanowar Elves
"1 Kinnan, Bonder Prodigy",Lotus Petal
"1 Kinnan, Bonder Prodigy",Mana Confluence
"1 Kinnan, Bonder Prodigy",Mana Drain
"1 Kinnan, Bonder Prodigy",Mana Vault
"1 Kinnan, Bonder Prodigy",Mental Misstep
"1 Kinnan, Bonder Prodigy","Minamo, School at Water's Edge"
"1 Kinnan, Bonder Prodigy",Mindbreak Trap
"1 Kinnan, Bonder Prodigy",Mirage Mirror
"1 Kinnan, Bonder Prodigy",Mirrormade
"1 Kinnan, Bonder Prodigy",Misty Rainforest
"1 Kinnan, Bonder Prodigy",Moonsilver Key
"1 Kinnan, Bonder Prodigy",Mox Amber
"1 Kinnan, Bonder Prodigy",Mox Diamond
"1 Kinnan, Bonder Prodigy",Mox Opal
"1 Kinnan, Bonder Prodigy",Mystic Remora
"1 Kinnan, Bonder Prodigy","Nezahal, Primal Tide"
"1 Kinnan, Bonder Prodigy",Noxious Revival
"1 Kinnan, Bonder Prodigy",Nyxbloom Ancient
"1 Kinnan, Bonder Prodigy","Otawara, Soaring City"
"1 Kinnan, Bonder Prodigy",Pact of Negation
"1 Kinnan, Bonder Prodigy",Paradise Mantle
"1 Kinnan, Bonder Prodigy",Phyrexian Metamorph
"1 Kinnan, Bonder Prodigy",Rejuvenating Springs
"1 Kinnan, Bonder Prodigy",Rhystic Study
"1 Kinnan, Bonder Prodigy",Seedborn Muse
"1 Kinnan, Bonder Prodigy",Shifting Woodland
"1 Kinnan, Bonder Prodigy",Simic Signet
"1 Kinnan, Bonder Prodigy",Sink into Stupor
"1 Kinnan, Bonder Prodigy",Sol Ring
"1 Kinnan, Bonder Prodigy",Spellskite
"1 Kinnan, Bonder Prodigy",Springleaf Drum
"1 Kinnan, Bonder Prodigy",Swan Song
"1 Kinnan, Bonder Prodigy",Sylvan Caryatid
"1 Kinnan, Bonder Prodigy",Talisman of Curiosity
"1 Kinnan, Bonder Prodigy",Talon Gates of Madara
"1 Kinnan, Bonder Prodigy",Tezzeret the Seeker
"1 Kinnan, Bonder Prodigy",The One Ring
"1 Kinnan, Bonder Prodigy",Thorn Mammoth
"1 Kinnan, Bonder Prodigy","Thrasios, Triton Hero"
"1 Kinnan, Bonder Prodigy",Tidespout Tyrant
"1 Kinnan, Bonder Prodigy",Transmute Artifact
"1 Kinnan, Bonder Prodigy",Treasure Vault
"1 Kinnan, Bonder Prodigy",Tropical Island
"1 Kinnan, Bonder Prodigy",Veil of Summer
"1 Kinnan, Bonder Prodigy",Void Winnower
"1 Kinnan, Bonder Prodigy",Walking Ballista
"1 Kinnan, Bonder Prodigy",Wandering Archaic
"1 Kinnan, Bonder Prodigy",Waterlogged Grove
"1 Kinnan, Bonder Prodigy",Worldly Tutor
"1 Kinnan, Bonder Prodigy","Yavimaya, Cradle of Growth"
"1 Kinnan, Bonder Prodigy",Colossal Skyturtle
"1 Kinnan, Bonder Prodigy",Cyclonic Rift
"1 Kinnan, Bonder Prodigy",Devoted Druid
"1 Kinnan, Bonder Prodigy",Invasion of Ikoria
"1 Kinnan, Bonder Prodigy","Karn, the Great Creator"
"1 Kinnan, Bonder Prodigy",Machine God's Effigy
"1 Kinnan, Bonder Prodigy",Manglehorn
"1 Kinnan, Bonder Prodigy",Paradise Druid
"1 Kinnan, Bonder Prodigy",Pollywog Prodigy
"1 Kinnan, Bonder Prodigy",Sanctum Weaver
"1 Kinnan, Bonder Prodigy",Volatile Stormdrake
"1 Kinnan, Bonder Prodigy",Yavimaya Coast
"1 Kinnan, Bonder Prodigy",Ancient Tomb
"1 Kinnan, Bonder Prodigy",Arcane Signet
"1 Kinnan, Bonder Prodigy",Basalt Monolith
"1 Kinnan, Bonder Prodigy",Birds of Paradise
"1 Kinnan, Bonder Prodigy","Boseiju, Who Endures"
"1 Kinnan, Bonder Prodigy",Breeding Pool
"1 Kinnan, Bonder Prodigy",Chain of Vapor
"1 Kinnan, Bonder Prodigy",Chord of Calling
"1 Kinnan, Bonder Prodigy",Chrome Mox
"1 Kinnan, Bonder Prodigy",City of Brass
"1 Kinnan, Bonder Prodigy",Clever Impersonator
"1 Kinnan, Bonder Prodigy",Command Tower
"1 Kinnan, Bonder Prodigy",Commandeer
"1 Kinnan, Bonder Prodigy",Consecrated Sphinx
"1 Kinnan, Bonder Prodigy",Copy Artifact
"1 Kinnan, Bonder Prodigy",Copy Enchantment
"1 Kinnan, Bonder Prodigy",Crop Rotation
"1 Kinnan, Bonder Prodigy",Delighted Halfling
"1 Kinnan, Bonder Prodigy",Dispel
"1 Kinnan, Bonder Prodigy",Dramatic Reversal
"1 Kinnan, Bonder Prodigy",Elvish Mystic
"1 Kinnan, Bonder Prodigy",Elvish Spirit Guide
"1 Kinnan, Bonder Prodigy",Emergence Zone
"1 Kinnan, Bonder Prodigy",Endurance
"1 Kinnan, Bonder Prodigy",Enduring Vitality
"1 Kinnan, Bonder Prodigy",Exotic Orchard
"1 Kinnan, Bonder Prodigy",Fabricate
"1 Kinnan, Bonder Prodigy",Faerie Mastermind
"1 Kinnan, Bonder Prodigy",Fellwar Stone
"1 Kinnan, Bonder Prodigy",Fierce Guardianship
"1 Kinnan, Bonder Prodigy",Finale of Devastation
"1 Kinnan, Bonder Prodigy",Flooded Strand
"1 Kinnan, Bonder Prodigy",Flusterstorm
"1 Kinnan, Bonder Prodigy",Force of Negation
"1 Kinnan, Bonder Prodigy",Force of Will
"1 Kinnan, Bonder Prodigy",Forest
"1 Kinnan, Bonder Prodigy",Fyndhorn Elves
"1 Kinnan, Bonder Prodigy",Gaea's Cradle
"1 Kinnan, Bonder Prodigy",Gemstone Caverns
"1 Kinnan, Bonder Prodigy",Green Sun's Zenith
"1 Kinnan, Bonder Prodigy",Grim Monolith
"1 Kinnan, Bonder Prodigy",High Fae Trickster
"1 Kinnan, Bonder Prodigy",Hullbreaker Horror
"1 Kinnan, Bonder Prodigy",Hydroelectric Specimen
"1 Kinnan, Bonder Prodigy",Imposter Mech
"1 Kinnan, Bonder Prodigy",Into the Flood Maw
"1 Kinnan, Bonder Prodigy",Invasion of Ikoria
"1 Kinnan, Bonder Prodigy",Island
"1 Kinnan, Bonder Prodigy",Llanowar Elves
"1 Kinnan, Bonder Prodigy",Lotus Petal
"1 Kinnan, Bonder Prodigy",Mana Confluence
"1 Kinnan, Bonder Prodigy",Mana Vault
"1 Kinnan, Bonder Prodigy",Mental Misstep
"1 Kinnan, Bonder Prodigy",Mindbreak Trap
"1 Kinnan, Bonder Prodigy",Mirage Mirror
"1 Kinnan, Bonder Prodigy",Mirrormade
"1 Kinnan, Bonder Prodigy",Miscast
"1 Kinnan, Bonder Prodigy",Misdirection
"1 Kinnan, Bonder Prodigy",Misty Rainforest
"1 Kinnan, Bonder Prodigy",Mockingbird
"1 Kinnan, Bonder Prodigy",Moonsilver Key
"1 Kinnan, Bonder Prodigy",Mox Amber
"1 Kinnan, Bonder Prodigy",Mox Diamond
"1 Kinnan, Bonder Prodigy",Mox Opal
"1 Kinnan, Bonder Prodigy",Mystic Remora
"1 Kinnan, Bonder Prodigy","Nezahal, Primal Tide"
"1 Kinnan, Bonder Prodigy",Nyxbloom Ancient
"1 Kinnan, Bonder Prodigy","Otawara, Soaring City"
"1 Kinnan, Bonder Prodigy",Pact of Negation
"1 Kinnan, Bonder Prodigy",Phyrexian Metamorph
"1 Kinnan, Bonder Prodigy",Polluted Delta
"1 Kinnan, Bonder Prodigy",Pongify
"1 Kinnan, Bonder Prodigy",Rapid Hybridization
"1 Kinnan, Bonder Prodigy",Rejuvenating Springs
"1 Kinnan, Bonder Prodigy",Rhystic Study
"1 Kinnan, Bonder Prodigy",Scalding Tarn
"1 Kinnan, Bonder Prodigy",Seedborn Muse
"1 Kinnan, Bonder Prodigy",Simic Signet
"1 Kinnan, Bonder Prodigy",Sink into Stupor
"1 Kinnan, Bonder Prodigy",Sol Ring
"1 Kinnan, Bonder Prodigy",Spellskite
"1 Kinnan, Bonder Prodigy",Springleaf Drum
"1 Kinnan, Bonder Prodigy",Swan Song
"1 Kinnan, Bonder Prodigy",Talisman of Curiosity
"1 Kinnan, Bonder Prodigy",Tezzeret the Seeker
"1 Kinnan, Bonder Prodigy",The One Ring
"1 Kinnan, Bonder Prodigy","Thrasios, Triton Hero"
"1 Kinnan, Bonder Prodigy",Tidespout Tyrant
"1 Kinnan, Bonder Prodigy",Transmute Artifact
"1 Kinnan, Bonder Prodigy",Treasure Vault
"1 Kinnan, Bonder Prodigy",Tropical Island
"1 Kinnan, Bonder Prodigy",Valley Floodcaller
"1 Kinnan, Bonder Prodigy",Veil of Summer
"1 Kinnan, Bonder Prodigy",Verdant Catacombs
"1 Kinnan, Bonder Prodigy",Wandering Archaic
"1 Kinnan, Bonder Prodigy",Waterlogged Grove
"1 Kinnan, Bonder Prodigy",Willowrush Verge
"1 Kinnan, Bonder Prodigy",Wooded Foothills
"1 Kinnan, Bonder Prodigy",Yavimaya Coast
"1 Kinnan, Bonder Prodigy",An Offer You Can't Refuse
"1 Kinnan, Bonder Prodigy",Ancient Tomb
"1 Kinnan, Bonder Prodigy",Arcane Signet
"1 Kinnan, Bonder Prodigy",Basalt Monolith
"1 Kinnan, Bonder Prodigy",Birds of Paradise
"1 Kinnan, Bonder Prodigy",Bloom Tender
"1 Kinnan, Bonder Prodigy","Boseiju, Who Endures"
"1 Kinnan, Bonder Prodigy",Breeding Pool
"1 Kinnan, Bonder Prodigy",Cephalid Coliseum
"1 Kinnan, Bonder Prodigy",Chain of Vapor
"1 Kinnan, Bonder Prodigy",Chord of Calling
"1 Kinnan, Bonder Prodigy",Chrome Mox
"1 Kinnan, Bonder Prodigy",City of Brass
"1 Kinnan, Bonder Prodigy",Clever Impersonator
"1 Kinnan, Bonder Prodigy",Colossal Skyturtle
"1 Kinnan, Bonder Prodigy",Command Tower
"1 Kinnan, Bonder Prodigy",Consecrated Sphinx
"1 Kinnan, Bonder Prodigy",Crop Rotation
"1 Kinnan, Bonder Prodigy",Cyclonic Rift
"1 Kinnan, Bonder Prodigy",Delighted Halfling
"1 Kinnan, Bonder Prodigy",Dispel
"1 Kinnan, Bonder Prodigy",Elvish Mystic
"1 Kinnan, Bonder Prodigy",Elvish Spirit Guide
"1 Kinnan, Bonder Prodigy",Emergence Zone
"1 Kinnan, Bonder Prodigy",Endurance
"1 Kinnan, Bonder Prodigy",Enduring Vitality
"1 Kinnan, Bonder Prodigy",Fabricate
"1 Kinnan, Bonder Prodigy",Fellwar Stone
"1 Kinnan, Bonder Prodigy",Fierce Guardianship
"1 Kinnan, Bonder Prodigy",Finale of Devastation
"1 Kinnan, Bonder Prodigy",Flooded Strand
"1 Kinnan, Bonder Prodigy",Flusterstorm
"1 Kinnan, Bonder Prodigy",Force of Negation
"1 Kinnan, Bonder Prodigy",Force of Vigor
"1 Kinnan, Bonder Prodigy",Force of Will
"1 Kinnan, Bonder Prodigy",Fyndhorn Elves
"1 Kinnan, Bonder Prodigy",Gaea's Cradle
"1 Kinnan, Bonder Prodigy",Gemstone Caverns
"1 Kinnan, Bonder Prodigy",Glen Elendra Archmage
"1 Kinnan, Bonder Prodigy",Green Sun's Zenith
"1 Kinnan, Bonder Prodigy",Grim Monolith
"1 Kinnan, Bonder Prodigy",Hullbreaker Horror
"1 Kinnan, Bonder Prodigy",Hydroelectric Specimen
"1 Kinnan, Bonder Prodigy",Into the Flood Maw
"1 Kinnan, Bonder Prodigy",Invasion of Ikoria
"1 Kinnan, Bonder Prodigy",Llanowar Elves
"1 Kinnan, Bonder Prodigy",Lotus Petal
"1 Kinnan, Bonder Prodigy",Mana Confluence
"1 Kinnan, Bonder Prodigy",Mana Drain
"1 Kinnan, Bonder Prodigy",Mana Vault
"1 Kinnan, Bonder Prodigy",Mental Misstep
"1 Kinnan, Bonder Prodigy","Minamo, School at Water's Edge"
"1 Kinnan, Bonder Prodigy",Mindbreak Trap
"1 Kinnan, Bonder Prodigy",Mirage Mirror
"1 Kinnan, Bonder Prodigy",Mirrormade
"1 Kinnan, Bonder Prodigy",Mistrise Village
"1 Kinnan, Bonder Prodigy",Misty Rainforest
"1 Kinnan, Bonder Prodigy",Moonsilver Key
"1 Kinnan, Bonder Prodigy",Mox Amber
"1 Kinnan, Bonder Prodigy",Mox Diamond
"1 Kinnan, Bonder Prodigy",Mox Opal
"1 Kinnan, Bonder Prodigy",Mystic Remora
"1 Kinnan, Bonder Prodigy","Nezahal, Primal Tide"
"1 Kinnan, Bonder Prodigy",Nyxbloom Ancient
"1 Kinnan, Bonder Prodigy","Otawara, Soaring City"
"1 Kinnan, Bonder Prodigy",Pact of Negation
"1 Kinnan, Bonder Prodigy",Phyrexian Metamorph
"1 Kinnan, Bonder Prodigy",Polluted Delta
"1 Kinnan, Bonder Prodigy",Pongify
"1 Kinnan, Bonder Prodigy",Rejuvenating Springs
"1 Kinnan, Bonder Prodigy",Rhystic Study
"1 Kinnan, Bonder Prodigy",Scalding Tarn
"1 Kinnan, Bonder Prodigy",Seedborn Muse
"1 Kinnan, Bonder Prodigy",Simic Signet
"1 Kinnan, Bonder Prodigy",Sink into Stupor
"1 Kinnan, Bonder Prodigy",Snow-Covered Forest
"1 Kinnan, Bonder Prodigy",Snow-Covered Island
"1 Kinnan, Bonder Prodigy",Sol Ring
"1 Kinnan, Bonder Prodigy",Spellskite
"1 Kinnan, Bonder Prodigy",Springleaf Drum
"1 Kinnan, Bonder Prodigy",Swan Song
"1 Kinnan, Bonder Prodigy",Talisman of Curiosity
"1 Kinnan, Bonder Prodigy",Tezzeret the Seeker
"1 Kinnan, Bonder Prodigy",The One Ring
"1 Kinnan, Bonder Prodigy",Thorn Mammoth
"1 Kinnan, Bonder Prodigy","Thrasios, Triton Hero"
"1 Kinnan, Bonder Prodigy",Tidespout Tyrant
"1 Kinnan, Bonder Prodigy",Transmute Artifact
"1 Kinnan, Bonder Prodigy",Treasure Vault
"1 Kinnan, Bonder Prodigy",Trinisphere
"1 Kinnan, Bonder Prodigy",Trophy Mage
"1 Kinnan, Bonder Prodigy",Tropical Island
"1 Kinnan, Bonder Prodigy",Valley Floodcaller
"1 Kinnan, Bonder Prodigy",Verdant Catacombs
"1 Kinnan, Bonder Prodigy",Void Winnower
"1 Kinnan, Bonder Prodigy",Wandering Archaic
"1 Kinnan, Bonder Prodigy",Waterlogged Grove
"1 Kinnan, Bonder Prodigy",Worldly Tutor
"1 Kinnan, Bonder Prodigy",Yavimaya Coast
"1 Kinnan, Bonder Prodigy",Agatha's Soul Cauldron
"1 Kinnan, Bonder Prodigy",Armored Scrapgorger
"1 Kinnan, Bonder Prodigy",Astral Dragon
"1 Kinnan, Bonder Prodigy",Borne Upon a Wind
"1 Kinnan, Bonder Prodigy",Bridgeworks Battle
"1 Kinnan, Bonder Prodigy",Compost
"1 Kinnan, Bonder Prodigy",Copy Artifact
"1 Kinnan, Bonder Prodigy",Delay
"1 Kinnan, Bonder Prodigy",Devoted Druid
"1 Kinnan, Bonder Prodigy",Eldritch Evolution
"1 Kinnan, Bonder Prodigy",Energy Refractor
"1 Kinnan, Bonder Prodigy",Faerie Mastermind
"1 Kinnan, Bonder Prodigy",Flesh Duplicate
"1 Kinnan, Bonder Prodigy",Forest
"1 Kinnan, Bonder Prodigy",Gilded Drake
"1 Kinnan, Bonder Prodigy",Gitaxian Probe
"1 Kinnan, Bonder Prodigy",High Fae Trickster
"1 Kinnan, Bonder Prodigy",Homeward Path
"1 Kinnan, Bonder Prodigy",Island
"1 Kinnan, Bonder Prodigy","Jin-Gitaxias, Core Augur"
"1 Kinnan, Bonder Prodigy","Jin-Gitaxias, Progress Tyrant"
"1 Kinnan, Bonder Prodigy","Karn, the Great Creator"
"1 Kinnan, Bonder Prodigy",Kodama of the East Tree
"1 Kinnan, Bonder Prodigy","Koma, Cosmos Serpent"
"1 Kinnan, Bonder Prodigy",Lifeforce
"1 Kinnan, Bonder Prodigy","Llawan, Cephalid Empress"
"1 Kinnan, Bonder Prodigy",Lodestone Golem
"1 Kinnan, Bonder Prodigy",Machine God's Effigy
"1 Kinnan, Bonder Prodigy",Mana Crypt
"1 Kinnan, Bonder Prodigy",Manglehorn
"1 Kinnan, Bonder Prodigy",March of Swirling Mist
"1 Kinnan, Bonder Prodigy",Miscast
"1 Kinnan, Bonder Prodigy",Mystical Tutor
"1 Kinnan, Bonder Prodigy",Nature's Claim
"1 Kinnan, Bonder Prodigy",Noxious Revival
"1 Kinnan, Bonder Prodigy",Omen Hawker
"1 Kinnan, Bonder Prodigy",Perplexing Chimera
"1 Kinnan, Bonder Prodigy",Phantasmal Image
"1 Kinnan, Bonder Prodigy",Pollywog Prodigy
"1 Kinnan, Bonder Prodigy",Priest of Titania
"1 Kinnan, Bonder Prodigy",Reality Shift
"1 Kinnan, Bonder Prodigy",Reclamation Sage
"1 Kinnan, Bonder Prodigy",Resculpt
"1 Kinnan, Bonder Prodigy",Sea Gate Restoration
"1 Kinnan, Bonder Prodigy",Shared Summons
"1 Kinnan, Bonder Prodigy",Solve the Equation
"1 Kinnan, Bonder Prodigy",Soulless Jailer
"1 Kinnan, Bonder Prodigy",Spark Double
"1 Kinnan, Bonder Prodigy",Spellseeker
"1 Kinnan, Bonder Prodigy",Stonework Packbeast
"1 Kinnan, Bonder Prodigy",Summoner's Pact
"1 Kinnan, Bonder Prodigy",Sylvan Library
"1 Kinnan, Bonder Prodigy",Terastodon
"1 Kinnan, Bonder Prodigy",Turntimber Symbiosis
"1 Kinnan, Bonder Prodigy",Veil of Summer
"1 Kinnan, Bonder Prodigy",Whir of Invention
"1 Kinnan, Bonder Prodigy",Wooded Foothills
"1 Kinnan, Bonder Prodigy","Yavimaya, Cradle of Growth"
"1 Kinnan, Bonder Prodigy",An Offer You Can't Refuse
"1 Kinnan, Bonder Prodigy",Ancient Tomb
"1 Kinnan, Bonder Prodigy","Apple of Eden, Isu Relic"
"1 Kinnan, Bonder Prodigy",Arcane Signet
"1 Kinnan, Bonder Prodigy",Archdruid's Charm
"1 Kinnan, Bonder Prodigy",Basalt Monolith
"1 Kinnan, Bonder Prodigy",Birds of Paradise
"1 Kinnan, Bonder Prodigy",Bloom Tender
"1 Kinnan, Bonder Prodigy","Boseiju, Who Endures"
"1 Kinnan, Bonder Prodigy",Breeding Pool
"1 Kinnan, Bonder Prodigy",Bridgeworks Battle
"1 Kinnan, Bonder Prodigy",Cephalid Coliseum
"1 Kinnan, Bonder Prodigy",Chord of Calling
"1 Kinnan, Bonder Prodigy",Chrome Mox
"1 Kinnan, Bonder Prodigy",City of Brass
"1 Kinnan, Bonder Prodigy",Colossal Skyturtle
"1 Kinnan, Bonder Prodigy",Command Tower
"1 Kinnan, Bonder Prodigy",Consecrated Sphinx
"1 Kinnan, Bonder Prodigy",Crop Rotation
"1 Kinnan, Bonder Prodigy",Cyclonic Rift
"1 Kinnan, Bonder Prodigy",Elvish Mystic
"1 Kinnan, Bonder Prodigy",Elvish Spirit Guide
"1 Kinnan, Bonder Prodigy",Emergence Zone
"1 Kinnan, Bonder Prodigy",Endurance
"1 Kinnan, Bonder Prodigy",Fabricate
"1 Kinnan, Bonder Prodigy",Fellwar Stone
"1 Kinnan, Bonder Prodigy",Fierce Guardianship
"1 Kinnan, Bonder Prodigy",Finale of Devastation
"1 Kinnan, Bonder Prodigy",Flesh Duplicate
"1 Kinnan, Bonder Prodigy",Flooded Strand
"1 Kinnan, Bonder Prodigy",Flusterstorm
"1 Kinnan, Bonder Prodigy",Force of Negation
"1 Kinnan, Bonder Prodigy",Force of Vigor
"1 Kinnan, Bonder Prodigy",Force of Will
"1 Kinnan, Bonder Prodigy",Forest
"1 Kinnan, Bonder Prodigy",Fyndhorn Elves
"1 Kinnan, Bonder Prodigy",Gaea's Cradle
"1 Kinnan, Bonder Prodigy",Gemstone Caverns
"1 Kinnan, Bonder Prodigy",Gilded Drake
"1 Kinnan, Bonder Prodigy",Glen Elendra Archmage
"1 Kinnan, Bonder Prodigy",Green Sun's Zenith
"1 Kinnan, Bonder Prodigy",Grim Monolith
"1 Kinnan, Bonder Prodigy",Homeward Path
"1 Kinnan, Bonder Prodigy",Hullbreaker Horror
"1 Kinnan, Bonder Prodigy",Invasion of Ikoria
"1 Kinnan, Bonder Prodigy",Island
"1 Kinnan, Bonder Prodigy",Llanowar Elves
"1 Kinnan, Bonder Prodigy",Lotus Petal
"1 Kinnan, Bonder Prodigy",Mana Confluence
"1 Kinnan, Bonder Prodigy",Mana Crypt
"1 Kinnan, Bonder Prodigy",Mana Drain
"1 Kinnan, Bonder Prodigy",Mana Vault
"1 Kinnan, Bonder Prodigy",Manglehorn
"1 Kinnan, Bonder Prodigy",March of Swirling Mist
"1 Kinnan, Bonder Prodigy",Mental Misstep
"1 Kinnan, Bonder Prodigy","Minamo, School at Water's Edge"
"1 Kinnan, Bonder Prodigy",Mindbreak Trap
"1 Kinnan, Bonder Prodigy",Mirage Mirror
"1 Kinnan, Bonder Prodigy",Misty Rainforest
"1 Kinnan, Bonder Prodigy",Moonsilver Key
"1 Kinnan, Bonder Prodigy",Mox Amber
"1 Kinnan, Bonder Prodigy",Mox Diamond
"1 Kinnan, Bonder Prodigy",Mox Opal
"1 Kinnan, Bonder Prodigy",Mystic Remora
"1 Kinnan, Bonder Prodigy","Nezahal, Primal Tide"
"1 Kinnan, Bonder Prodigy",Nyxbloom Ancient
"1 Kinnan, Bonder Prodigy","Otawara, Soaring City"
"1 Kinnan, Bonder Prodigy",Pact of Negation
"1 Kinnan, Bonder Prodigy",Perplexing Chimera
"1 Kinnan, Bonder Prodigy",Phyrexian Metamorph
"1 Kinnan, Bonder Prodigy",Polluted Delta
"1 Kinnan, Bonder Prodigy",Pollywog Prodigy
"1 Kinnan, Bonder Prodigy",Rejuvenating Springs
"1 Kinnan, Bonder Prodigy",Rhystic Study
"1 Kinnan, Bonder Prodigy",Scalding Tarn
"1 Kinnan, Bonder Prodigy",Seedborn Muse
"1 Kinnan, Bonder Prodigy",Simic Signet
"1 Kinnan, Bonder Prodigy",Sink into Stupor
"1 Kinnan, Bonder Prodigy",Sol Ring
"1 Kinnan, Bonder Prodigy",Spellskite
"1 Kinnan, Bonder Prodigy",Springleaf Drum
"1 Kinnan, Bonder Prodigy",Swan Song
"1 Kinnan, Bonder Prodigy",Talisman of Curiosity
"1 Kinnan, Bonder Prodigy",Tezzeret the Seeker
"1 Kinnan, Bonder Prodigy",The One Ring
"1 Kinnan, Bonder Prodigy",Thorn Mammoth
"1 Kinnan, Bonder Prodigy","Thrasios, Triton Hero"
"1 Kinnan, Bonder Prodigy",Tidespout Tyrant
"1 Kinnan, Bonder Prodigy",Transmute Artifact
"1 Kinnan, Bonder Prodigy",Treasure Vault
"1 Kinnan, Bonder Prodigy",Trophy Mage
"1 Kinnan, Bonder Prodigy",Tropical Island
"1 Kinnan, Bonder Prodigy",Verdant Catacombs
"1 Kinnan, Bonder Prodigy",Void Winnower
"1 Kinnan, Bonder Prodigy",Volatile Stormdrake
"1 Kinnan, Bonder Prodigy",Wandering Archaic
"1 Kinnan, Bonder Prodigy",Waterlogged Grove
"1 Kinnan, Bonder Prodigy",Wooded Foothills
"1 Kinnan, Bonder Prodigy",Worldly Tutor
"1 Kinnan, Bonder Prodigy",Ancient Tomb
"1 Kinnan, Bonder Prodigy",Arcane Signet
"1 Kinnan, Bonder Prodigy",Banishing Knack
"1 Kinnan, Bonder Prodigy",Basalt Monolith
"1 Kinnan, Bonder Prodigy",Birds of Paradise
"1 Kinnan, Bonder Prodigy","Boseiju, Who Endures"
"1 Kinnan, Bonder Prodigy",Breeding Pool
"1 Kinnan, Bonder Prodigy",Cephalid Coliseum
"1 Kinnan, Bonder Prodigy",Chord of Calling
"1 Kinnan, Bonder Prodigy",Chrome Mox
"1 Kinnan, Bonder Prodigy",City of Brass
"1 Kinnan, Bonder Prodigy",Clever Impersonator
"1 Kinnan, Bonder Prodigy",Colossal Skyturtle
"1 Kinnan, Bonder Prodigy",Command Tower
"1 Kinnan, Bonder Prodigy",Commandeer
"1 Kinnan, Bonder Prodigy",Consecrated Sphinx
"1 Kinnan, Bonder Prodigy",Copy Artifact
"1 Kinnan, Bonder Prodigy",Copy Enchantment
"1 Kinnan, Bonder Prodigy",Crop Rotation
"1 Kinnan, Bonder Prodigy",Delighted Halfling
"1 Kinnan, Bonder Prodigy",Dispel
"1 Kinnan, Bonder Prodigy",Dramatic Reversal
"1 Kinnan, Bonder Prodigy",Elvish Mystic
"1 Kinnan, Bonder Prodigy",Elvish Spirit Guide
"1 Kinnan, Bonder Prodigy",Emergence Zone
"1 Kinnan, Bonder Prodigy",Endurance
"1 Kinnan, Bonder Prodigy",Enduring Vitality
"1 Kinnan, Bonder Prodigy",Exotic Orchard
"1 Kinnan, Bonder Prodigy",Fabricate
"1 Kinnan, Bonder Prodigy",Faerie Mastermind
"1 Kinnan, Bonder Prodigy",Fellwar Stone
"1 Kinnan, Bonder Prodigy",Fierce Guardianship
"1 Kinnan, Bonder Prodigy",Finale of Devastation
"1 Kinnan, Bonder Prodigy",Flooded Strand
"1 Kinnan, Bonder Prodigy",Flusterstorm
"1 Kinnan, Bonder Prodigy",Forbidden Orchard
"1 Kinnan, Bonder Prodigy",Force of Negation
"1 Kinnan, Bonder Prodigy",Force of Will
"1 Kinnan, Bonder Prodigy",Forest
"1 Kinnan, Bonder Prodigy",Fyndhorn Elves
"1 Kinnan, Bonder Prodigy",Gaea's Cradle
"1 Kinnan, Bonder Prodigy",Gemstone Caverns
"1 Kinnan, Bonder Prodigy",Green Sun's Zenith
"1 Kinnan, Bonder Prodigy",Grim Monolith
"1 Kinnan, Bonder Prodigy",High Fae Trickster
"1 Kinnan, Bonder Prodigy",Hullbreaker Horror
"1 Kinnan, Bonder Prodigy",Hydroelectric Specimen
"1 Kinnan, Bonder Prodigy",Imposter Mech
"1 Kinnan, Bonder Prodigy",Invasion of Ikoria
"1 Kinnan, Bonder Prodigy",Island
"1 Kinnan, Bonder Prodigy",Llanowar Elves
"1 Kinnan, Bonder Prodigy",Lotus Petal
"1 Kinnan, Bonder Prodigy",Mana Confluence
"1 Kinnan, Bonder Prodigy",Mana Vault
"1 Kinnan, Bonder Prodigy",Mental Misstep
"1 Kinnan, Bonder Prodigy",Mindbreak Trap
"1 Kinnan, Bonder Prodigy",Mirage Mirror
"1 Kinnan, Bonder Prodigy",Mirrormade
"1 Kinnan, Bonder Prodigy",Misdirection
"1 Kinnan, Bonder Prodigy",Misty Rainforest
"1 Kinnan, Bonder Prodigy",Mockingbird
"1 Kinnan, Bonder Prodigy",Moonsilver Key
"1 Kinnan, Bonder Prodigy",Mox Amber
"1 Kinnan, Bonder Prodigy",Mox Diamond
"1 Kinnan, Bonder Prodigy",Mox Opal
"1 Kinnan, Bonder Prodigy",Mystic Remora
"1 Kinnan, Bonder Prodigy","Nezahal, Primal Tide"
"1 Kinnan, Bonder Prodigy",Nyxbloom Ancient
"1 Kinnan, Bonder Prodigy","Otawara, Soaring City"
"1 Kinnan, Bonder Prodigy",Pact of Negation
"1 Kinnan, Bonder Prodigy",Phyrexian Metamorph
"1 Kinnan, Bonder Prodigy",Polluted Delta
"1 Kinnan, Bonder Prodigy",Pollywog Prodigy
"1 Kinnan, Bonder Prodigy",Rapid Hybridization
"1 Kinnan, Bonder Prodigy",Rejuvenating Springs
"1 Kinnan, Bonder Prodigy",Retraction Helix
"1 Kinnan, Bonder Prodigy",Rhystic Study
"1 Kinnan, Bonder Prodigy",Scalding Tarn
"1 Kinnan, Bonder Prodigy",Seedborn Muse
"1 Kinnan, Bonder Prodigy",Simic Signet
"1 Kinnan, Bonder Prodigy",Sink into Stupor
"1 Kinnan, Bonder Prodigy",Sol Ring
"1 Kinnan, Bonder Prodigy",Spellskite
"1 Kinnan, Bonder Prodigy",Springleaf Drum
"1 Kinnan, Bonder Prodigy",Summoner's Pact
"1 Kinnan, Bonder Prodigy",Swan Song
"1 Kinnan, Bonder Prodigy",Talisman of Curiosity
"1 Kinnan, Bonder Prodigy",Tezzeret the Seeker
"1 Kinnan, Bonder Prodigy",The One Ring
"1 Kinnan, Bonder Prodigy","Thrasios, Triton Hero"
"1 Kinnan, Bonder Prodigy",Tidespout Tyrant
"1 Kinnan, Bonder Prodigy",Transmute Artifact
"1 Kinnan, Bonder Prodigy",Treasure Vault
"1 Kinnan, Bonder Prodigy",Tropical Island
"1 Kinnan, Bonder Prodigy",Valley Floodcaller
"1 Kinnan, Bonder Prodigy",Veil of Summer
"1 Kinnan, Bonder Prodigy",Wandering Archaic
"1 Kinnan, Bonder Prodigy",Waterlogged Grove
"1 Kinnan, Bonder Prodigy",Yavimaya Coast
"1 Kinnan, Bonder Prodigy",An Offer You Can't Refuse
"1 Kinnan, Bonder Prodigy",Ancient Tomb
"1 Kinnan, Bonder Prodigy",Arcane Signet
"1 Kinnan, Bonder Prodigy",Archdruid's Charm
"1 Kinnan, Bonder Prodigy",Barkchannel Pathway
"1 Kinnan, Bonder Prodigy",Basalt Monolith
"1 Kinnan, Bonder Prodigy",Birds of Paradise
"1 Kinnan, Bonder Prodigy",Bloom Tender
"1 Kinnan, Bonder Prodigy","Boseiju, Who Endures"
"1 Kinnan, Bonder Prodigy",Breeding Pool
"1 Kinnan, Bonder Prodigy",Cephalid Coliseum
"1 Kinnan, Bonder Prodigy",Chord of Calling
"1 Kinnan, Bonder Prodigy",Chrome Mox
"1 Kinnan, Bonder Prodigy",City of Brass
"1 Kinnan, Bonder Prodigy",Colossal Skyturtle
"1 Kinnan, Bonder Prodigy",Command Tower
"1 Kinnan, Bonder Prodigy",Consecrated Sphinx
"1 Kinnan, Bonder Prodigy",Crop Rotation
"1 Kinnan, Bonder Prodigy",Cyclonic Rift
"1 Kinnan, Bonder Prodigy",Delay
"1 Kinnan, Bonder Prodigy",Delighted Halfling
"1 Kinnan, Bonder Prodigy",Elvish Mystic
"1 Kinnan, Bonder Prodigy",Elvish Spirit Guide
"1 Kinnan, Bonder Prodigy",Emergence Zone
"1 Kinnan, Bonder Prodigy",Endurance
"1 Kinnan, Bonder Prodigy",Enduring Vitality
"1 Kinnan, Bonder Prodigy",Fabricate
"1 Kinnan, Bonder Prodigy",Fellwar Stone
"1 Kinnan, Bonder Prodigy",Fierce Guardianship
"1 Kinnan, Bonder Prodigy",Finale of Devastation
"1 Kinnan, Bonder Prodigy",Flooded Strand
"1 Kinnan, Bonder Prodigy",Flusterstorm
"1 Kinnan, Bonder Prodigy",Force of Negation
"1 Kinnan, Bonder Prodigy",Force of Vigor
"1 Kinnan, Bonder Prodigy",Force of Will
"1 Kinnan, Bonder Prodigy",Forest
"1 Kinnan, Bonder Prodigy",Fyndhorn Elves
"1 Kinnan, Bonder Prodigy",Gaea's Cradle
"1 Kinnan, Bonder Prodigy",Gemstone Caverns
"1 Kinnan, Bonder Prodigy",Glen Elendra Archmage
"1 Kinnan, Bonder Prodigy",Green Sun's Zenith
"1 Kinnan, Bonder Prodigy",Grim Monolith
"1 Kinnan, Bonder Prodigy",High Fae Trickster
"1 Kinnan, Bonder Prodigy",Hullbreaker Horror
"1 Kinnan, Bonder Prodigy",Hydroelectric Specimen
"1 Kinnan, Bonder Prodigy",Island
"1 Kinnan, Bonder Prodigy",Llanowar Elves
"1 Kinnan, Bonder Prodigy",Lotus Petal
"1 Kinnan, Bonder Prodigy",Mana Confluence
"1 Kinnan, Bonder Prodigy",Mana Vault
"1 Kinnan, Bonder Prodigy",Manglehorn
"1 Kinnan, Bonder Prodigy",Mental Misstep
"1 Kinnan, Bonder Prodigy","Minamo, School at Water's Edge"
"1 Kinnan, Bonder Prodigy",Mindbreak Trap
"1 Kinnan, Bonder Prodigy",Mirage Mirror
"1 Kinnan, Bonder Prodigy",Miscast
"1 Kinnan, Bonder Prodigy",Misty Rainforest
"1 Kinnan, Bonder Prodigy",Moonsilver Key
"1 Kinnan, Bonder Prodigy",Mox Amber
"1 Kinnan, Bonder Prodigy",Mox Diamond
"1 Kinnan, Bonder Prodigy",Mox Opal
"1 Kinnan, Bonder Prodigy",Mystic Remora
"1 Kinnan, Bonder Prodigy","Nezahal, Primal Tide"
"1 Kinnan, Bonder Prodigy",Nyxbloom Ancient
"1 Kinnan, Bonder Prodigy","Otawara, Soaring City"
"1 Kinnan, Bonder Prodigy",Pact of Negation
"1 Kinnan, Bonder Prodigy",Phyrexian Metamorph
"1 Kinnan, Bonder Prodigy",Rejuvenating Springs
"1 Kinnan, Bonder Prodigy",Resculpt
"1 Kinnan, Bonder Prodigy",Rhystic Study
"1 Kinnan, Bonder Prodigy",Scalding Tarn
"1 Kinnan, Bonder Prodigy",Seedborn Muse
"1 Kinnan, Bonder Prodigy",Simic Signet
"1 Kinnan, Bonder Prodigy",Sink into Stupor
"1 Kinnan, Bonder Prodigy",Sol Ring
"1 Kinnan, Bonder Prodigy",Spellskite
"1 Kinnan, Bonder Prodigy",Sphinx of the Second Sun
"1 Kinnan, Bonder Prodigy",Springleaf Drum
"1 Kinnan, Bonder Prodigy",Swan Song
"1 Kinnan, Bonder Prodigy",Sylvan Library
"1 Kinnan, Bonder Prodigy",Talisman of Curiosity
"1 Kinnan, Bonder Prodigy",Talon Gates of Madara
"1 Kinnan, Bonder Prodigy",Tezzeret the Seeker
"1 Kinnan, Bonder Prodigy",The One Ring
"1 Kinnan, Bonder Prodigy","Thrasios, Triton Hero"
"1 Kinnan, Bonder Prodigy",Tidespout Tyrant
"1 Kinnan, Bonder Prodigy",Transmute Artifact
"1 Kinnan, Bonder Prodigy",Treasure Vault
"1 Kinnan, Bonder Prodigy",Trinisphere
"1 Kinnan, Bonder Prodigy",Trophy Mage
"1 Kinnan, Bonder Prodigy",Tropical Island
"1 Kinnan, Bonder Prodigy",Valley Floodcaller
"1 Kinnan, Bonder Prodigy",Void Winnower
"1 Kinnan, Bonder Prodigy",Wandering Archaic
"1 Kinnan, Bonder Prodigy",Waterlogged Grove
"1 Kinnan, Bonder Prodigy",Windswept Heath
"1 Kinnan, Bonder Prodigy",Wooded Foothills
"1 Kinnan, Bonder Prodigy",Worldly Tutor
"1 Kinnan, Bonder Prodigy",Yavimaya Coast
"1 Kinnan, Bonder Prodigy",Agatha's Soul Cauldron
"1 Kinnan, Bonder Prodigy","Apple of Eden, Isu Relic"
"1 Kinnan, Bonder Prodigy",Bridgeworks Battle
"1 Kinnan, Bonder Prodigy",Deadeye Navigator
"1 Kinnan, Bonder Prodigy",Gilded Drake
"1 Kinnan, Bonder Prodigy",Invasion of Ikoria
"1 Kinnan, Bonder Prodigy","Kira, Great Glass-Spinner"
"1 Kinnan, Bonder Prodigy",Mana Drain
"1 Kinnan, Bonder Prodigy",Peregrine Drake
"1 Kinnan, Bonder Prodigy",Phantasmal Image
"1 Kinnan, Bonder Prodigy",Pollywog Prodigy
"1 Kinnan, Bonder Prodigy",Relic of Legends
"1 Kinnan, Bonder Prodigy",Runic Armasaur
"1 Kinnan, Bonder Prodigy",Subtlety
"1 Kinnan, Bonder Prodigy","Teferi, Mage of Zhalfir"
"1 Kinnan, Bonder Prodigy",Thorn Mammoth
"1 Kinnan, Bonder Prodigy",Volatile Stormdrake
"1 Kinnan, Bonder Prodigy",Ancient Tomb
"1 Kinnan, Bonder Prodigy",Arcane Signet
"1 Kinnan, Bonder Prodigy",Armored Scrapgorger
"1 Kinnan, Bonder Prodigy",Basalt Monolith
"1 Kinnan, Bonder Prodigy",Birds of Paradise
"1 Kinnan, Bonder Prodigy",Bloom Tender
"1 Kinnan, Bonder Prodigy","Boseiju, Who Endures"
"1 Kinnan, Bonder Prodigy",Breeding Pool
"1 Kinnan, Bonder Prodigy",Cephalid Coliseum
"1 Kinnan, Bonder Prodigy",Chain of Vapor
"1 Kinnan, Bonder Prodigy",Chord of Calling
"1 Kinnan, Bonder Prodigy",Chrome Mox
"1 Kinnan, Bonder Prodigy",City of Brass
"1 Kinnan, Bonder Prodigy",Clever Impersonator
"1 Kinnan, Bonder Prodigy",Colossal Skyturtle
"1 Kinnan, Bonder Prodigy",Command Tower
"1 Kinnan, Bonder Prodigy",Commandeer
"1 Kinnan, Bonder Prodigy",Consecrated Sphinx
"1 Kinnan, Bonder Prodigy",Copy Artifact
"1 Kinnan, Bonder Prodigy",Copy Enchantment
"1 Kinnan, Bonder Prodigy",Crop Rotation
"1 Kinnan, Bonder Prodigy",Dispel
"1 Kinnan, Bonder Prodigy",Dramatic Reversal
"1 Kinnan, Bonder Prodigy",Elvish Mystic
"1 Kinnan, Bonder Prodigy",Elvish Spirit Guide
"1 Kinnan, Bonder Prodigy",Emergence Zone
"1 Kinnan, Bonder Prodigy",Endurance
"1 Kinnan, Bonder Prodigy",Enduring Vitality
"1 Kinnan, Bonder Prodigy",Fabricate
"1 Kinnan, Bonder Prodigy",Faerie Mastermind
"1 Kinnan, Bonder Prodigy",Fellwar Stone
"1 Kinnan, Bonder Prodigy",Fierce Guardianship
"1 Kinnan, Bonder Prodigy",Finale of Devastation
"1 Kinnan, Bonder Prodigy",Flooded Strand
"1 Kinnan, Bonder Prodigy",Flusterstorm
"1 Kinnan, Bonder Prodigy",Forbidden Orchard
"1 Kinnan, Bonder Prodigy",Force of Negation
"1 Kinnan, Bonder Prodigy",Force of Will
"1 Kinnan, Bonder Prodigy",Forest
"1 Kinnan, Bonder Prodigy",Fyndhorn Elves
"1 Kinnan, Bonder Prodigy",Gaea's Cradle
"1 Kinnan, Bonder Prodigy",Gemstone Caverns
"1 Kinnan, Bonder Prodigy",Glen Elendra Archmage
"1 Kinnan, Bonder Prodigy",Grim Monolith
"1 Kinnan, Bonder Prodigy",Hullbreaker Horror
"1 Kinnan, Bonder Prodigy",Hydroelectric Specimen
"1 Kinnan, Bonder Prodigy",Invasion of Ikoria
"1 Kinnan, Bonder Prodigy",Island
"1 Kinnan, Bonder Prodigy",Llanowar Elves
"1 Kinnan, Bonder Prodigy",Lotus Petal
"1 Kinnan, Bonder Prodigy",Mana Confluence
"1 Kinnan, Bonder Prodigy",Mana Drain
"1 Kinnan, Bonder Prodigy",Mana Vault
"1 Kinnan, Bonder Prodigy",Mental Misstep
"1 Kinnan, Bonder Prodigy","Minamo, School at Water's Edge"
"1 Kinnan, Bonder Prodigy",Mindbreak Trap
"1 Kinnan, Bonder Prodigy",Mirage Mirror
"1 Kinnan, Bonder Prodigy",Mirrormade
"1 Kinnan, Bonder Prodigy",Misdirection
"1 Kinnan, Bonder Prodigy",Misty Rainforest
"1 Kinnan, Bonder Prodigy",Moonsilver Key
"1 Kinnan, Bonder Prodigy",Mox Amber
"1 Kinnan, Bonder Prodigy",Mox Diamond
"1 Kinnan, Bonder Prodigy",Mox Opal
"1 Kinnan, Bonder Prodigy",Mystic Remora
"1 Kinnan, Bonder Prodigy","Nezahal, Primal Tide"
"1 Kinnan, Bonder Prodigy",Nyxbloom Ancient
"1 Kinnan, Bonder Prodigy","Otawara, Soaring City"
"1 Kinnan, Bonder Prodigy",Pact of Negation
"1 Kinnan, Bonder Prodigy",Phyrexian Metamorph
"1 Kinnan, Bonder Prodigy",Polluted Delta
"1 Kinnan, Bonder Prodigy",Rapid Hybridization
"1 Kinnan, Bonder Prodigy",Rejuvenating Springs
"1 Kinnan, Bonder Prodigy",Retraction Helix
"1 Kinnan, Bonder Prodigy",Rhystic Study
"1 Kinnan, Bonder Prodigy",Scalding Tarn
"1 Kinnan, Bonder Prodigy",Seedborn Muse
"1 Kinnan, Bonder Prodigy",Simic Signet
"1 Kinnan, Bonder Prodigy",Sink into Stupor
"1 Kinnan, Bonder Prodigy",Sol Ring
"1 Kinnan, Bonder Prodigy",Spellskite
"1 Kinnan, Bonder Prodigy",Springleaf Drum
"1 Kinnan, Bonder Prodigy",Steal Enchantment
"1 Kinnan, Bonder Prodigy",Summoner's Pact
"1 Kinnan, Bonder Prodigy",Swan Song
"1 Kinnan, Bonder Prodigy",Talisman of Curiosity
"1 Kinnan, Bonder Prodigy",Tezzeret the Seeker
"1 Kinnan, Bonder Prodigy",The One Ring
"1 Kinnan, Bonder Prodigy","Thrasios, Triton Hero"
"1 Kinnan, Bonder Prodigy",Tidespout Tyrant
"1 Kinnan, Bonder Prodigy",Transmute Artifact
"1 Kinnan, Bonder Prodigy",Treasure Vault
"1 Kinnan, Bonder Prodigy",Trophy Mage
"1 Kinnan, Bonder Prodigy",Tropical Island
"1 Kinnan, Bonder Prodigy",Valley Floodcaller
"1 Kinnan, Bonder Prodigy",Wandering Archaic
"1 Kinnan, Bonder Prodigy",Waterlogged Grove
"1 Kinnan, Bonder Prodigy",Worldly Tutor
"1 Kinnan, Bonder Prodigy",Yavimaya Coast
"1 Kinnan, Bonder Prodigy",An Offer You Can't Refuse
"1 Kinnan, Bonder Prodigy","Apple of Eden, Isu Relic"
"1 Kinnan, Bonder Prodigy",Diluvian Primordial
"1 Kinnan, Bonder Prodigy",Force of Vigor
"1 Kinnan, Bonder Prodigy",Green Sun's Zenith
"1 Kinnan, Bonder Prodigy",Paradise Mantle
"1 Kinnan, Bonder Prodigy",Thorn Mammoth
"1 Kinnan, Bonder Prodigy",Trinisphere
"1 Kinnan, Bonder Prodigy",Veil of Summer
"1 Kinnan, Bonder Prodigy",Verity Circle
"1 Kinnan, Bonder Prodigy",Void Winnower
